USE youth_connect;

-- ===========================================
-- 1. 系统配置初始化数据
-- ===========================================
INSERT INTO `system_config` (`config_key`, `config_value`, `config_type`, `description`, `is_public`) VALUES
('app_name', 'YouthConnect', 'basic', '应用名称', 1),
('app_version', '1.0.0', 'basic', '应用版本', 1),
('max_file_size', '10485760', 'upload', '最大文件上传大小(字节)', 0),
('allowed_file_types', 'jpg,jpeg,png,gif,mp4,mp3,pdf,doc,docx', 'upload', '允许上传的文件类型', 0),
('ai_audit_enabled', 'true', 'ai', 'AI审核是否启用', 0),
('chat_room_max_members', '500', 'chat', '聊天室最大成员数', 0),
('event_max_participants', '1000', 'event', '活动最大参与人数', 0),
('user_level_points', '100,300,600,1000,1500,2000,3000,5000,8000,10000', 'user', '用户等级积分要求', 1);

-- ===========================================
-- 2. 活动分类初始化数据
-- ===========================================
INSERT INTO `event_category` (`name`, `icon`, `sort_order`, `status`) VALUES
('运动健身', '🏃‍♂️', 1, 1),
('户外探险', '🏔️', 2, 1),
('文化艺术', '🎨', 3, 1),
('音乐演出', '🎵', 4, 1),
('美食聚会', '🍽️', 5, 1),
('科技数码', '💻', 6, 1),
('游戏电竞', '🎮', 7, 1),
('学习交流', '📚', 8, 1),
('摄影摄像', '📸', 9, 1),
('旅行出游', '✈️', 10, 1);

-- ===========================================
-- 3. 敏感词库初始化数据
-- ===========================================
INSERT INTO `sensitive_word` (`word`, `level`, `category`, `status`) VALUES
('色情', 5, '色情', 1),
('暴力', 4, '暴力', 1),
('赌博', 4, '赌博', 1),
('毒品', 5, '毒品', 1),
('政治敏感', 5, '政治', 1),
('诈骗', 4, '诈骗', 1),
('传销', 4, '传销', 1),
('邪教', 5, '邪教', 1),
('恐怖主义', 5, '恐怖', 1),
('种族歧视', 4, '歧视', 1);

-- ===========================================
-- 4. 用户模块初始化数据
-- ===========================================
INSERT INTO `user` (`phone`, `email`, `password`, `nickname`, `avatar`, `bio`, `gender`, `birthday`, `location`, `latitude`, `longitude`, `status`) VALUES
('13800000001', 'alice@example.com', 'e10adc3949ba59abbe56e057f20f883e', '爱丽丝', '/avatar/alice.jpg', '热爱运动，喜欢交朋友，篮球是我的最爱！', 2, '1998-05-12', '重庆市', 29.5647, 106.5507, 1),
('13800000002', 'bob@example.com', 'e10adc3949ba59abbe56e057f20f883e', '鲍勃', '/avatar/bob.jpg', '摄影爱好者，用镜头记录美好生活', 1, '1996-11-03', '重庆市', 29.5647, 106.5507, 1),
('13800000003', 'charlie@example.com', 'e10adc3949ba59abbe56e057f20f883e', '查理', '/avatar/charlie.jpg', '喜欢旅行与冒险，探索未知的世界', 1, '1999-08-20', '重庆市', 29.5647, 106.5507, 1),
('13800000004', 'daisy@example.com', 'e10adc3949ba59abbe56e057f20f883e', '黛西', '/avatar/daisy.jpg', '音乐是我的生活，吉他伴我成长', 2, '2000-02-18', '重庆市', 29.5647, 106.5507, 1),
('13800000005', 'eve@example.com', 'e10adc3949ba59abbe56e057f20f883e', '夏娃', '/avatar/eve.jpg', '电竞女孩，追求技术极致', 2, '1997-12-25', '重庆市', 29.5647, 106.5507, 1),
('13800000006', 'frank@example.com', 'e10adc3949ba59abbe56e057f20f883e', '弗兰克', '/avatar/frank.jpg', '健身达人，追求健康生活', 1, '1995-03-15', '重庆市', 29.5647, 106.5507, 1),
('13800000007', 'grace@example.com', 'e10adc3949ba59abbe56e057f20f883e', '格蕾丝', '/avatar/grace.jpg', '艺术爱好者，喜欢绘画和设计', 2, '1998-07-22', '重庆市', 29.5647, 106.5507, 1),
('13800000008', 'henry@example.com', 'e10adc3949ba59abbe56e057f20f883e', '亨利', '/avatar/henry.jpg', '程序员，热爱技术分享', 1, '1994-09-08', '重庆市', 29.5647, 106.5507, 1);

-- 用户兴趣标签
INSERT INTO `user_interest` (`user_id`, `tag`, `weight`) VALUES
(1, '篮球', 1.00), (1, '运动', 0.90), (1, '健身', 0.80), (1, '交友', 0.95),
(2, '摄影', 1.00), (2, '旅行', 0.85), (2, '咖啡', 0.70), (2, '艺术', 0.75),
(3, '徒步', 1.00), (3, '冒险', 0.95), (3, '旅行', 0.90), (3, '户外', 0.85),
(4, '音乐', 1.00), (4, '吉他', 0.95), (4, '唱歌', 0.90), (4, '演出', 0.80),
(5, '游戏', 1.00), (5, '电竞', 0.95), (5, '科技', 0.80), (5, '编程', 0.70),
(6, '健身', 1.00), (6, '运动', 0.95), (6, '健康', 0.90), (6, '营养', 0.75),
(7, '艺术', 1.00), (7, '绘画', 0.95), (7, '设计', 0.90), (7, '创意', 0.85),
(8, '编程', 1.00), (8, '技术', 0.95), (8, '学习', 0.90), (8, '分享', 0.80);

-- 好友关系
INSERT INTO `friendship` (`user_id`, `friend_id`, `status`, `remark`) VALUES
(1, 2, 1, '摄影大师'), (2, 1, 1, '篮球女神'),
(1, 3, 1, '冒险家'), (3, 1, 1, '运动达人'),
(1, 4, 1, '音乐才女'), (4, 1, 1, '篮球女孩'),
(2, 4, 0, '音乐女孩'), -- 待确认
(4, 5, 1, '电竞女神'), (5, 4, 1, '音乐才女'),
(6, 1, 1, '篮球伙伴'), (1, 6, 1, '健身达人'),
(7, 2, 1, '摄影伙伴'), (2, 7, 1, '艺术女孩'),
(8, 5, 1, '技术伙伴'), (5, 8, 1, '程序员');

-- 用户等级
INSERT INTO `user_level` (`user_id`, `points`, `level`, `experience`, `next_level_points`) VALUES
(1, 1200, 5, 1200, 1500),
(2, 800, 4, 800, 1000),
(3, 600, 3, 600, 1000),
(4, 1500, 6, 1500, 2000),
(5, 300, 2, 300, 600),
(6, 2200, 7, 2200, 3000),
(7, 450, 2, 450, 600),
(8, 1800, 6, 1800, 2000);

-- ===========================================
-- 5. 动态社交模块初始化数据
-- ===========================================
INSERT INTO `post` (`user_id`, `content`, `media_type`, `media_url`, `location`, `latitude`, `longitude`, `status`, `like_count`, `comment_count`, `view_count`) VALUES
(1, '今天参加了一次篮球比赛，超开心！和队友们配合得很好，虽然输了但是学到了很多。篮球让我结识了很多志同道合的朋友！', 1, '["/images/basketball1.jpg", "/images/basketball2.jpg"]', '重庆市体育中心', 29.5647, 106.5507, 1, 15, 8, 120),
(2, '新买的相机效果不错，拍了一些洪崖洞的夜景。重庆的夜景真的很美，每一张照片都充满了故事感。', 1, '["/images/hongyadong1.jpg", "/images/hongyadong2.jpg", "/images/hongyadong3.jpg"]', '洪崖洞', 29.5647, 106.5507, 1, 23, 12, 180),
(3, '刚从川藏线回来，风景美极了！这次旅行让我看到了不一样的风景，也挑战了自己的极限。', 2, '["/videos/tibet1.mp4"]', '川藏线', 29.5647, 106.5507, 1, 45, 20, 350),
(4, '和朋友们一起在公园唱歌，好嗨！音乐真的能治愈一切，希望每个人都能找到属于自己的音乐。', 0, NULL, '重庆市中央公园', 29.5647, 106.5507, 1, 18, 6, 95),
(5, '今晚五排冲击王者！和队友们配合得越来越默契了，电竞真的需要团队合作。', 0, NULL, '家里', 29.5647, 106.5507, 1, 12, 4, 80),
(6, '今天的健身训练很充实，力量训练+有氧运动，身体是革命的本钱！', 1, '["/images/gym1.jpg"]', '健身房', 29.5647, 106.5507, 1, 8, 3, 60),
(7, '完成了新的画作，这次尝试了水彩画，感觉还不错。艺术让我找到了内心的平静。', 1, '["/images/artwork1.jpg"]', '工作室', 29.5647, 106.5507, 1, 25, 10, 150),
(8, '今天学习了新的编程技术，写了一个小项目。技术更新很快，需要不断学习才能跟上时代。', 0, NULL, '家里', 29.5647, 106.5507, 1, 6, 2, 45);

-- 点赞数据
INSERT INTO `post_like` (`post_id`, `user_id`) VALUES
(1, 2), (1, 3), (1, 4), (1, 6), (1, 7),
(2, 1), (2, 3), (2, 4), (2, 5), (2, 7), (2, 8),
(3, 1), (3, 2), (3, 4), (3, 5), (3, 6), (3, 7), (3, 8),
(4, 1), (4, 2), (4, 3), (4, 5), (4, 6),
(5, 1), (5, 2), (5, 4), (5, 8),
(6, 1), (6, 2), (6, 3),
(7, 1), (7, 2), (7, 3), (7, 4), (7, 5), (7, 6), (7, 8),
(8, 1), (8, 2), (8, 5);

-- 评论数据
INSERT INTO `post_comment` (`post_id`, `user_id`, `content`, `like_count`) VALUES
(1, 2, '太棒了！下次一起打球', 3),
(1, 3, '加油！篮球需要团队精神', 2),
(1, 6, '运动让人充满活力！', 1),
(2, 1, '拍得很好，教教我摄影技巧！', 4),
(2, 3, '洪崖洞的夜景确实很美', 2),
(2, 7, '构图很棒，色彩搭配也很好', 3),
(3, 1, '羡慕！我也想去旅行', 5),
(3, 2, '风景如画，拍得真好', 3),
(3, 4, '旅行能开阔眼界', 2),
(4, 1, '音乐确实很治愈', 2),
(4, 2, '下次一起唱歌', 1),
(5, 1, '电竞也需要团队合作', 2),
(5, 8, '技术很重要，配合更重要', 1),
(6, 1, '健身要坚持！', 1),
(7, 2, '画得很棒，有艺术天赋', 4),
(7, 4, '艺术能表达内心', 2),
(8, 5, '技术更新确实很快', 1);

-- 收藏数据
INSERT INTO `post_collect` (`post_id`, `user_id`) VALUES
(3, 1), (3, 2), (3, 4), (3, 6),
(2, 1), (2, 3), (2, 7),
(1, 5), (1, 6),
(7, 1), (7, 2), (7, 4);

-- ===========================================
-- 6. 活动模块初始化数据
-- ===========================================
INSERT INTO `event` (`creator_id`, `category_id`, `title`, `description`, `cover_image`, `location`, `latitude`, `longitude`, `start_time`, `end_time`, `registration_deadline`, `max_participants`, `current_participants`, `price`, `contact_phone`, `contact_wechat`, `tags`, `status`, `view_count`, `like_count`, `is_featured`) VALUES
(1, 1, '周末篮球友谊赛', '大家一起打篮球，锻炼身体，认识新朋友。欢迎所有篮球爱好者参加，无论技术水平如何，重在参与和交友！', '/images/basketball_event.jpg', '重庆市体育中心篮球场', 29.5647, 106.5507, '2025-01-15 15:00:00', '2025-01-15 18:00:00', '2025-01-14 18:00:00', 20, 8, 0.00, '13800000001', 'alice_basketball', '篮球,运动,交友', 1, 150, 25, 1),
(2, 9, '洪崖洞摄影外拍活动', '一起去洪崖洞拍照，记录美好瞬间。专业摄影师指导，适合摄影初学者和爱好者。', '/images/photography_event.jpg', '重庆市洪崖洞', 29.5647, 106.5507, '2025-01-16 09:00:00', '2025-01-16 12:00:00', '2025-01-15 12:00:00', 15, 6, 50.00, '13800000002', 'bob_photo', '摄影,外拍,洪崖洞', 1, 200, 30, 1),
(4, 4, '音乐Live小聚', '民谣吉他分享，适合爱音乐的小伙伴。带上你的吉他，一起分享音乐的美好！', '/images/music_event.jpg', '重庆市江北区某咖啡馆', 29.5647, 106.5507, '2025-01-17 19:00:00', '2025-01-17 21:00:00', '2025-01-16 21:00:00', 12, 4, 30.00, '13800000004', 'daisy_music', '音乐,吉他,民谣', 1, 120, 18, 0),
(3, 2, '南山徒步探险', '探索南山的自然风光，挑战自己的体能极限。适合喜欢户外运动的朋友。', '/images/hiking_event.jpg', '重庆市南山', 29.5647, 106.5507, '2025-01-18 08:00:00', '2025-01-18 17:00:00', '2025-01-17 17:00:00', 25, 12, 80.00, '13800000003', 'charlie_hiking', '徒步,探险,户外', 1, 180, 22, 1),
(6, 1, '健身房团练', '专业教练指导的团体健身课程，适合健身初学者和进阶者。', '/images/gym_event.jpg', '重庆市某健身房', 29.5647, 106.5507, '2025-01-19 19:00:00', '2025-01-19 21:00:00', '2025-01-18 21:00:00', 20, 10, 100.00, '13800000006', 'frank_gym', '健身,团练,教练', 1, 100, 15, 0),
(7, 3, '艺术创作工作坊', '水彩画创作体验，专业老师指导，适合艺术爱好者和初学者。', '/images/art_event.jpg', '重庆市某艺术工作室', 29.5647, 106.5507, '2025-01-20 14:00:00', '2025-01-20 17:00:00', '2025-01-19 17:00:00', 15, 7, 120.00, '13800000007', 'grace_art', '艺术,绘画,创作', 1, 90, 12, 0),
(8, 6, '编程技术分享会', '分享最新的编程技术和开发经验，适合程序员和技术爱好者。', '/images/tech_event.jpg', '重庆市某科技园区', 29.5647, 106.5507, '2025-01-21 19:00:00', '2025-01-21 21:30:00', '2025-01-20 21:30:00', 30, 15, 0.00, '13800000008', 'henry_tech', '编程,技术,分享', 1, 250, 35, 1),
(5, 7, '电竞比赛观战', '一起观看电竞比赛，交流游戏心得，适合游戏爱好者。', '/images/gaming_event.jpg', '重庆市某电竞馆', 29.5647, 106.5507, '2025-01-22 20:00:00', '2025-01-22 23:00:00', '2025-01-21 23:00:00', 50, 25, 20.00, '13800000005', 'eve_gaming', '电竞,游戏,观战', 1, 300, 40, 1);

-- 活动报名数据
INSERT INTO `event_signup` (`event_id`, `user_id`, `sign_status`, `remark`) VALUES
(1, 2, 1, '期待和大家一起打球'),
(1, 3, 1, '篮球新手，请多指教'),
(1, 4, 0, ''),
(1, 5, 0, ''),
(1, 6, 1, '健身和篮球结合'),
(1, 7, 0, ''),
(1, 8, 0, ''),
(2, 1, 0, ''),
(2, 3, 1, '喜欢摄影'),
(2, 4, 1, '想学摄影'),
(2, 5, 0, ''),
(2, 6, 0, ''),
(2, 7, 1, '艺术和摄影结合'),
(2, 8, 0, ''),
(3, 1, 1, '喜欢音乐'),
(3, 2, 0, ''),
(3, 3, 0, ''),
(3, 5, 1, '会弹吉他'),
(3, 6, 0, ''),
(3, 7, 1, '音乐和艺术'),
(3, 8, 0, ''),
(4, 1, 1, '喜欢户外运动'),
(4, 2, 1, '想拍户外照片'),
(4, 4, 0, ''),
(4, 5, 0, ''),
(4, 6, 1, '健身和徒步结合'),
(4, 7, 0, ''),
(4, 8, 0, ''),
(5, 1, 1, '想学健身'),
(5, 2, 0, ''),
(5, 3, 0, ''),
(5, 4, 0, ''),
(5, 5, 0, ''),
(5, 7, 1, '艺术和健身'),
(5, 8, 0, ''),
(6, 1, 0, ''),
(6, 2, 1, '摄影和艺术'),
(6, 3, 0, ''),
(6, 4, 1, '音乐和艺术'),
(6, 5, 0, ''),
(6, 6, 0, ''),
(6, 8, 0, ''),
(7, 1, 1, '想学编程'),
(7, 2, 0, ''),
(7, 3, 0, ''),
(7, 4, 0, ''),
(7, 5, 1, '游戏和编程'),
(7, 6, 0, ''),
(7, 7, 0, ''),
(8, 1, 1, '喜欢游戏'),
(8, 2, 0, ''),
(8, 3, 0, ''),
(8, 4, 0, ''),
(8, 6, 0, ''),
(8, 7, 0, ''),
(8, 8, 1, '电竞和编程');

-- 活动讨论数据
INSERT INTO `event_discussion` (`event_id`, `user_id`, `content`, `like_count`) VALUES
(1, 2, '比赛记得带水！', 3),
(1, 3, '我提前15分钟到', 2),
(1, 6, '需要带什么装备吗？', 1),
(2, 1, '洪崖洞真好拍！', 4),
(2, 3, '期待拍出好照片', 2),
(2, 7, '艺术和摄影结合', 3),
(3, 1, '会带吉他', 2),
(3, 5, '我也带吉他', 1),
(4, 1, '徒步需要准备什么？', 3),
(4, 2, '可以拍很多照片', 2),
(4, 6, '健身和徒步结合', 1),
(5, 1, '健身需要基础吗？', 2),
(5, 7, '艺术和健身结合', 1),
(6, 2, '摄影和艺术结合', 2),
(6, 4, '音乐和艺术结合', 1),
(7, 1, '编程难学吗？', 3),
(7, 5, '游戏和编程结合', 2),
(8, 1, '期待观战', 2),
(8, 8, '电竞和编程结合', 1);

-- ===========================================
-- 7. 聊天室模块初始化数据
-- ===========================================
INSERT INTO `chat_room` (`event_id`, `name`, `description`, `avatar`, `max_members`, `current_members`, `status`) VALUES
(1, '周末篮球友谊赛聊天室', '篮球爱好者交流群', '/images/basketball_room.jpg', 20, 8, 1),
(2, '洪崖洞摄影外拍活动聊天室', '摄影爱好者交流群', '/images/photography_room.jpg', 15, 6, 1),
(3, '音乐Live小聚聊天室', '音乐爱好者交流群', '/images/music_room.jpg', 12, 4, 1),
(4, '南山徒步探险聊天室', '户外爱好者交流群', '/images/hiking_room.jpg', 25, 12, 1),
(5, '健身房团练聊天室', '健身爱好者交流群', '/images/gym_room.jpg', 20, 10, 1),
(6, '艺术创作工作坊聊天室', '艺术爱好者交流群', '/images/art_room.jpg', 15, 7, 1),
(7, '编程技术分享会聊天室', '程序员交流群', '/images/tech_room.jpg', 30, 15, 1),
(8, '电竞比赛观战聊天室', '游戏爱好者交流群', '/images/gaming_room.jpg', 50, 25, 1);

-- 聊天室成员
INSERT INTO `chat_member` (`room_id`, `user_id`, `role`, `nickname`) VALUES
(1, 1, 2, '篮球女神'), (1, 2, 0, '摄影大师'), (1, 3, 0, '冒险家'), (1, 6, 0, '健身达人'),
(2, 2, 2, '摄影大师'), (2, 1, 0, '篮球女神'), (2, 3, 0, '冒险家'), (2, 7, 0, '艺术女孩'),
(3, 4, 2, '音乐才女'), (3, 1, 0, '篮球女神'), (3, 5, 0, '电竞女神'), (3, 7, 0, '艺术女孩'),
(4, 3, 2, '冒险家'), (4, 1, 0, '篮球女神'), (4, 2, 0, '摄影大师'), (4, 6, 0, '健身达人'),
(5, 6, 2, '健身达人'), (5, 1, 0, '篮球女神'), (5, 7, 0, '艺术女孩'),
(6, 7, 2, '艺术女孩'), (6, 2, 0, '摄影大师'), (6, 4, 0, '音乐才女'),
(7, 8, 2, '程序员'), (7, 1, 0, '篮球女神'), (7, 5, 0, '电竞女神'),
(8, 5, 2, '电竞女神'), (8, 1, 0, '篮球女神'), (8, 8, 0, '程序员');

-- 聊天消息
INSERT INTO `chat_message` (`room_id`, `sender_id`, `content`, `type`) VALUES
(1, 1, '欢迎大家参加篮球友谊赛！', 5),
(1, 2, '大家下午三点见！', 0),
(1, 3, '记得带篮球哦！', 0),
(1, 6, '需要带什么装备吗？', 0),
(2, 2, '欢迎大家参加摄影外拍活动！', 5),
(2, 1, '洪崖洞集合！', 0),
(2, 3, '期待拍出好照片', 0),
(2, 7, '艺术和摄影结合', 0),
(3, 4, '欢迎大家参加音乐Live小聚！', 5),
(3, 1, '会带吉他', 0),
(3, 5, '我也带吉他', 0),
(3, 7, '音乐和艺术结合', 0),
(4, 3, '欢迎大家参加南山徒步探险！', 5),
(4, 1, '徒步需要准备什么？', 0),
(4, 2, '可以拍很多照片', 0),
(4, 6, '健身和徒步结合', 0),
(5, 6, '欢迎大家参加健身房团练！', 5),
(5, 1, '健身需要基础吗？', 0),
(5, 7, '艺术和健身结合', 0),
(6, 7, '欢迎大家参加艺术创作工作坊！', 5),
(6, 2, '摄影和艺术结合', 0),
(6, 4, '音乐和艺术结合', 0),
(7, 8, '欢迎大家参加编程技术分享会！', 5),
(7, 1, '编程难学吗？', 0),
(7, 5, '游戏和编程结合', 0),
(8, 5, '欢迎大家参加电竞比赛观战！', 5),
(8, 1, '期待观战', 0),
(8, 8, '电竞和编程结合', 0);

-- ===========================================
-- 8. AI 审核模块初始化数据
-- ===========================================
INSERT INTO `audit_task` (`task_type`, `target_id`, `content`, `status`, `result`, `confidence`, `audit_time`) VALUES
(1, 1, '今天参加了一次篮球比赛，超开心！和队友们配合得很好，虽然输了但是学到了很多。篮球让我结识了很多志同道合的朋友！', 1, '动态内容正常，无违规内容', 0.9500, '2025-01-10 10:30:00'),
(1, 2, '新买的相机效果不错，拍了一些洪崖洞的夜景。重庆的夜景真的很美，每一张照片都充满了故事感。', 1, '动态内容正常，无违规内容', 0.9200, '2025-01-10 10:35:00'),
(1, 3, '刚从川藏线回来，风景美极了！这次旅行让我看到了不一样的风景，也挑战了自己的极限。', 1, '动态内容正常，无违规内容', 0.8800, '2025-01-10 10:40:00'),
(2, 1, '周末篮球友谊赛', 1, '活动标题健康，无违规内容', 0.9600, '2025-01-10 11:00:00'),
(2, 2, '洪崖洞摄影外拍活动', 1, '活动标题健康，无违规内容', 0.9400, '2025-01-10 11:05:00'),
(3, 1, '大家下午三点见！', 1, '聊天消息合规，无违规内容', 0.9800, '2025-01-10 11:10:00'),
(3, 2, '记得带篮球哦！', 1, '聊天消息合规，无违规内容', 0.9700, '2025-01-10 11:15:00'),
(4, 1, '太棒了！下次一起打球', 1, '评论内容正常，无违规内容', 0.9300, '2025-01-10 11:20:00');

-- ===========================================
-- 9. 消息通知模块初始化数据
-- ===========================================
INSERT INTO `notification` (`user_id`, `title`, `content`, `type`, `related_id`, `related_type`, `status`) VALUES
(1, '系统提醒', '您的动态《篮球比赛》已通过审核', 2, 1, 1, 0),
(2, '活动提醒', '摄影外拍活动将于30分钟后开始', 1, 2, 2, 0),
(3, '好友申请', 'Alice请求加你为好友', 3, 1, 1, 1),
(4, '系统提醒', '您已成功报名音乐Live小聚', 1, 3, 2, 0),
(5, '点赞通知', '有人点赞了您的动态', 5, 5, 1, 0),
(6, '评论通知', '有人评论了您的动态', 4, 6, 1, 0),
(7, '活动提醒', '艺术创作工作坊即将开始', 1, 6, 2, 0),
(8, '系统提醒', '您的活动《编程技术分享会》已通过审核', 2, 7, 2, 0);

-- ===========================================
-- 10. 用户行为日志初始化数据
-- ===========================================
INSERT INTO `user_behavior` (`user_id`, `behavior_type`, `target_id`, `target_type`, `duration`, `device_type`, `ip_address`) VALUES
(1, 1, 1, 1, 30, 1, '192.168.1.100'),
(2, 2, 1, 1, 5, 1, '192.168.1.101'),
(3, 3, 1, 2, 10, 1, '192.168.1.102'),
(4, 2, 3, 1, 8, 1, '192.168.1.103'),
(5, 3, 2, 2, 12, 1, '192.168.1.104'),
(1, 4, 2, 2, 15, 1, '192.168.1.100'),
(6, 1, 6, 1, 25, 1, '192.168.1.105'),
(7, 2, 7, 1, 6, 1, '192.168.1.106'),
(8, 1, 8, 1, 40, 1, '192.168.1.107'),
(1, 5, 1, 1, 3, 1, '192.168.1.100'),
(2, 6, 2, 1, 2, 1, '192.168.1.101'),
(3, 1, 4, 2, 20, 1, '192.168.1.102');

-- ===========================================
-- 11. 文件上传记录初始化数据
-- ===========================================
INSERT INTO `file_upload` (`user_id`, `file_name`, `file_path`, `file_url`, `file_size`, `file_type`, `mime_type`, `width`, `height`) VALUES
(1, 'basketball1.jpg', '/uploads/2025/01/basketball1.jpg', 'https://cdn.example.com/uploads/2025/01/basketball1.jpg', 2048576, 'image', 'image/jpeg', 1920, 1080),
(2, 'hongyadong1.jpg', '/uploads/2025/01/hongyadong1.jpg', 'https://cdn.example.com/uploads/2025/01/hongyadong1.jpg', 3072000, 'image', 'image/jpeg', 2560, 1440),
(3, 'tibet1.mp4', '/uploads/2025/01/tibet1.mp4', 'https://cdn.example.com/uploads/2025/01/tibet1.mp4', 52428800, 'video', 'video/mp4', 1920, 1080),
(6, 'gym1.jpg', '/uploads/2025/01/gym1.jpg', 'https://cdn.example.com/uploads/2025/01/gym1.jpg', 1536000, 'image', 'image/jpeg', 1280, 720),
(7, 'artwork1.jpg', '/uploads/2025/01/artwork1.jpg', 'https://cdn.example.com/uploads/2025/01/artwork1.jpg', 1024000, 'image', 'image/jpeg', 1024, 768);

-- 完成数据初始化
